ID;Kundennummer;Dienstleitser; Account  Nr ;Firma;Straße;Stadt;Land; letzte  Änderung 
2;1000901059;UPS;V79516; AGCO  Power ; Linnavuorentie  8-10 ;Linnavuori;Finnland; 2022-08-10  10:01:32 
3;1000015934;;;Allmendinger; Robert-Bosch-Straße  24 ; Bad  Überkingen/Hausen ;Deutschland; 2022-08-10  10:02:15 
4;1000904067;UPS;71A611; Alois  Berger  GmbH ; In  der  Neuen  Welt  14 ; 87700  Memmingen ;Deutschland; 2022-08-10  10:02:43 
5;1000020901;UPS;8VR073; AMETEK  Germany  GmbH ; Rudolf-Diesel-Str.  16 ;Weiterstadt;Deutschland; 2022-08-10  10:02:59 
6;1000901991;UPS;638854; Anton  Häring  KG ; Anton-Häring-Str  1 ;Bubsheim;Deutschland; 2022-08-10  10:06:13 
7;1000910149;UPS;8X106E; Auch  Präzisionsdrehteile ; Untere  Waldplätze  39 ;Stuttgart;Deutschland; 2022-08-10  09:29:03 
8;1000917266;UPS;81A862; Aventics  GmbH ; Ulmer  Strasse  4 ;Laatzen;Deutschland; 2022-08-10  10:03:42 
9;1000902761;UPS;893241; Berger  Feintechnik  GmbH ;Alois-Berger-Allee;Ummendorf;Deutschland; 2022-08-10  10:04:13 
10;905299;UPS;889023; Bodycote  Wärmebehandlung  GmbH ; Wengenstrasse  4 ;Wehingen;Deutschland; 2022-08-10  09:29:21 
11;1000000716;UPS;677A31; Bosch  Diesel  S.R.O ; Na  Dolech  4a ;Jihlava; Tschechische  Republik ; 2022-08-10  10:05:10 
12;1000006936;UPS;30782V; BOSCH  ENGINEERING  GMBH ; Robert  Bosch  Allee  1 ;ABSTATT;; 0000-00-00  00:00:00 
13;1000017869;UPS;99R341; BOSCH  ENGINEERING  GMBH ; Bergfeldstrasse  2 ;HOLZKIRCHEN;; 0000-00-00  00:00:00 
14;1000017870;UPS;68A640; Bosch  Engineering  GmbH ; Robert-Bosch-Allee  1 ; 74232  Abstatt ;; 0000-00-00  00:00:00 
15;1000032740;TNT;70544277; Bosch  IO  GmbH ; Ullsteinstrasse  120 ; 12109  Berlin ;; 0000-00-00  00:00:00 
16;1000010935;UPS;981877; BOSCH  REXROTH  AG ; Bgm.Dr.-Nebel  Strasse  2 ; LOHR  AM  MAIN ;; 0000-00-00  00:00:00 
17;1000010198;TNT;70671093; Bosch  Rexroth  AG ; Glockeraustr.  2 ;Elchingen;; 0000-00-00  00:00:00 
18;1000010199;TNT;70324498; BOSCH  REXROTH  AG ; Dieselstrasse  10 ; 90441  Nürnberg ;Deutschland; 2022-08-10  09:29:36 
19;1000010941;TNT;73029681; Bosch  Sicherheitssysteme  GmbH ; Robert-Bosch-Ring  5 ;Grasbrunn;; 0000-00-00  00:00:00 
20;1000018081;TNT;70445436; Bosch  Sicherheitssysteme  GmbH ; August-Broemel-Str.  6 ;Arnstadt;; 0000-00-00  00:00:00 
21;1000010217;UPS;2AV961; Bosch  Solarthermie    GmbH ; Prozessionsweg  10 ; 48493  Wettringen ;; 0000-00-00  00:00:00 
22;1000020339;UPS;27333E; Bosch  Transmission  Technology  B.V. ; PO  Box  500 ; AM  Tilburg ;; 0000-00-00  00:00:00 
23;1000027657;UPS;04707A; BRENNER  GMBH ; Heppenheimer  Straße  13-15 ;Mannheim;Deutschland; 2022-08-10  09:29:59 
24;1000157812;TNT;70053975; BSH  Hausgeräte    GmbH ; Bamlerstrasse  1A ; 45141  Essen ;Deutschland; 2022-08-10  09:30:38 
25;1000901519;UPS;994039; Burgmaier  Hightech  GmbH  +  Co  KG ; Willy-Messerschmitt-Str.  10, ;Laupheim;; 0000-00-00  00:00:00 
26;1000902576;UPS;8W0742; CUMMINS  LTD ; YARM  ROAD ;DARLINGTON;; 0000-00-00  00:00:00 
27;905299;UPS;991208; CWG-CHRISTIN  WEBER  GMBH  &  CO.KG ; Zotterangen  6 ;ALDINGEN;; 0000-00-00  00:00:00 
28;1000927744;UPS;ER5644; DAIMLER  AG ; In  den  Weiden  29 ;ALTBACH;; 0000-00-00  00:00:00 
29;1000005042;UPS;426284; Dichtungstechnik  Wallstabe  &  Schneider  gmbh  &  co.   ; Straße  der  Dichtungstechnik  2 ; 94559  Niederwinkling ;Deutschland; 2022-08-10  09:32:59 
30;1000900216;DHL;954421953; ELTEK  SPA ; STRADA  VALENZA  5  A ; CASALE  MONF. ;; 0000-00-00  00:00:00 
31;1000007391;UPS;6815XR; Erdrich  Umformtechnik  GmbH ; Reiersbacher  Str. ; 77871  Renchen ;; 0000-00-00  00:00:00 
32;1000010178;UPS;29201V; ETAS  GmbH ; Borsigstr  24 ; 70469  Stuttgart ;; 0000-00-00  00:00:00 
33;905299;UPS;7458AY; Fa.  Unger  Kabelkonfektionstechnik  GmbH ; Fabrikstrasse  7 ; 9465  Sehmatal-Sehma ;; 0000-00-00  00:00:00 
34;1000900158;UPS;613253; FESTO  LERNZENTRUM  SAAR  GmbH ; OBERE  KAISERSTRASSE ; 66386  SANKT  INGBERT  -ROHRBACH ;; 0000-00-00  00:00:00 
35;905299;UPS;992362; FIEGE  DEUTCHLAND  STIFTUNG  &  CO.  KG ; Birkelstrasse  14 ;WEINSTADT;; 0000-00-00  00:00:00 
36;1000903766;UPS;62A614; GUENTERT  PRAEZISIONSTECHNIK  GMBH ; MAX-PLANCK-STR.  17 ;VILLINGEN-SCHWENNINGEN;; 0000-00-00  00:00:00 
37;1000024251;;;Hammelmann; Carl.zeiss-Strasse  6-8 ; 59302  Oelde ;; 0000-00-00  00:00:00 
38;1000013876;UPS;62A910; Hörnlein  Umformtechnik  GmbH ;Perlenweg; Schwäbisch  Gmünd ;Deutschland; 2022-08-10  09:33:47 
39;905299;UPS;02239A; Hr  Büchner ; Hans-Heiner-müller-Allee  10 ; Hann  Münden ;Deutschland; 2022-08-10  09:36:22 
40;1000015654;UPS;68A297; HTU  Haertetechnik  GmbH ; Hallendorfer  Str.  10 ;Uhldingen-Muehlhofen;; 0000-00-00  00:00:00 
41;1000905349;UPS;8X199E; Hugo  Kern  U.Liebers  GmbH  &Co.  KG ; DR.-KURT-STEIM-STR.  35 ;SCHRAMBERG;; 0000-00-00  00:00:00 
42;905299;UPS;A7613R; IC-Haus  GmbH ; Am  Kümmerling  18 ; 55294  Bodenheim ;Deutschland; 2022-08-10  09:37:08 
43;1000027654;UPS; 101R8X  /  31293V ; ING.OTTO  MEYER  GMBH  +  CO.  KG ; ANNA-ZAMMERT-STR.  25 ;HANNOVER;; 2022-08-10  10:19:18 
44;1000031759;TNT;70197017; JOPP  Automotive  GmbH ; Gartenstrasse  14 ; Bad  Neustadt ;; 0000-00-00  00:00:00 
45;1000911292;DHL;966365669; KARL  KUEFNER  GmbH  &  Co  KG ; ROSSENTAL  STR.  87-89 ;ALBSTADT;; 0000-00-00  00:00:00 
46;905299;UPS;9TT675; Kitagawa  Europe  GmbH ; Borsigstr  3 ;Ratingen;; 0000-00-00  00:00:00 
47;1000039961;TNT;122268; Knoflikarsky  prumysl  Zirovnice  a.s. ;   Tyrsova  707 ;   ZIROVNICE  (CZ) ;; 0000-00-00  00:00:00 
48;1000022111;UPS;04005F; KOLLER  &  SCHWEMMER  GMBH ; Roethensteig  21 ;NUERNBERG;; 0000-00-00  00:00:00 
49;1000904068;UPS;993465; KS  Gleitlager  GmBH ; Am  Bahnhof ; Sankt  Leon-Rot ;; 0000-00-00  00:00:00 
50;1000910344;UPS;8X139E; Kurt  Eberle  GmbH  &  Co.  KG ; Im  Welschen  Feld  1  -  3 ; 75449  Wurmberg ;; 0000-00-00  00:00:00 
51;1000910256;UPS;E3204V; Leibold  u.  Amman ; Talstr.  19 ;Wellendingen;; 0000-00-00  00:00:00 
52;1000909151;UPS;W26208; Mark  Metallwarenfabrik  GmbH ;Gleinkerau; Spital  am  Pyhrn ;; 0000-00-00  00:00:00 
53;1000153716;UPS;61F236; Mercedes  Benz  AG ; Maybachstraße  1 ;Waiblingen;Deutschland; 2022-08-10  09:37:26 
54;905299;UPS;ER5644; Mercedes-Benz  AG ; Mercedes  Strasse  137 ; 70546  Stuttgart ;; 0000-00-00  00:00:00 
55;1000154995;UPS;61F236; Mercedes-Benz  AG ; Maybachstraße  7 ; 71332  Waiblingen ;Deutschland; 2022-08-10  09:37:39 
56;1000152918;UPS;61F236; Mercedes-Benz  AG ; Maybachstraße  3 ; 71332  Waiblingen ;Deutschland; 2022-08-10  09:37:52 
57;1000008368;UPS;70A923; Mesa  Parts  GmbH ; Im  Gewerbegebiet ;Lenzkirch;; 0000-00-00  00:00:00 
58;1000015872;TNT;14716; Mesa  Parts  s.r.o.   ; Vysokov  112 ; CZ  Vysokov   ;; 0000-00-00  00:00:00 
59;1000026661;TNT;11761; Microdeco  SA ; POLIGONO  INDUSTRIAL  URTIA,  S/N ; 48260  ERMUA ;; 0000-00-00  00:00:00 
60;905299;DHL;145621384; MITSUBISHI  MOTOR  R&D  Europe  GmbH ; Hessenauerstr.  6 ;Trebur;; 0000-00-00  00:00:00 
61;1000006168;UPS;62A779; Moehwald  GmbH ; Michelinstr.  21 ;Homburg;; 0000-00-00  00:00:00 
62;1000032309;TNT;70643981; Neander  Shark  GmbH ; Werftstr.  240-248 ;Kiel;; 0000-00-00  00:00:00 
63;1000904393;UPS;W5271V; NGK  Spark  Plug  Europe  GmbH ;Harkortstr.;Ratingen;; 0000-00-00  00:00:00 
64;1000910490;UPS;A31566; NSI  Präzisionsdrehteile  GmbH ;Tullastraße;Lörrach;; 2022-08-10  09:38:22 
65;1000029997;UPS;30WE81; Paul  Bippus  GmbH ;Härlestrasse;Oberndorf/Neckar;Deutschland; 2022-08-10  09:38:54 
66;905299;UPS;554828; Phoenix  Contact ; Kurze  Straße  29 ; 70781  Filderstadt ;Deutschland; 2022-08-10  09:39:10 
67;905299;TNT;70213847; Piller  Entgrattechnik  GmbH ; Röntgenstrass  30 ;Ditzingen;Deutschland; 2022-08-10  09:39:26 
68;1000013249;;; PMH  Praezisionsmechanik ; Fritz-Ungerer-Str.  5 ;Pforzheim;; 0000-00-00  00:00:00 
69;905299;DHL;956800752; Prettl  Kabelonfektion  GmbH ; Marktstrasse  155 ;Pfullingen;; 0000-00-00  00:00:00 
70;1000010244;TNT;70065441; Robert  Bosch  (France)  S.A.S. ; 41-47.  Boulevard  Marcel  Sembat ; Venissieux  Cedex ;; 0000-00-00  00:00:00 
71;1000006529;UPS;9061W7; ROBERT  BOSCH  (PORTUGAL)  LDA ; Av.  Infante  D.  Henrique ; LISBOA  6 ;; 0000-00-00  00:00:00 
72;1000000873;UPS;101R08; Robert  Bosch  A/S ; Telegrafvej  1 ;Ballerup;; 0000-00-00  00:00:00 
73;1000023091;UPS;W33490; Robert  Bosch  AG ; Goellnergasse  15-17 ; 1030  Wien ;; 0000-00-00  00:00:00 
74;1000010095;;; Robert  Bosch  AG ; Boschstrasse  7 ;Hallein;; 0000-00-00  00:00:00 
75;1000043351;TNT;70283847; Robert  Bosch  Automotive  Steering  GmbH ; Lange  Enden  1 ; 13437  Berlin ;; 0000-00-00  00:00:00 
76;1000000812;TNT;70084384; ROBERT  BOSCH  ELEKTRONIK  GMBH ; John-F.-Kennedy-Str.  43  -  53 ;SALZGITTER;; 0000-00-00  00:00:00 
77;1000000760;UPS;7F133R; ROBERT  BOSCH  ELEKTRONIKA  KFT. ; Robert  Bosch  St  1. ;HATVAN;; 2022-08-10  09:41:04 
78;1000010581;UPS;A782V6; ROBERT  BOSCH  ESPANA  SA ; Calle  Raso  de  la  Estrella  2 ; ARANJUEZ  (MADRID) ;; 0000-00-00  00:00:00 
79;1000000732;UPS;A777X8; ROBERT  BOSCH  ESPANA,  S.L.U. ; Avda.  de  la  Inst.Libre  de  Enseñanza  19 ;MADRID;; 2022-08-10  09:41:49 
80;1000010253;UPS;E7410F; ROBERT  BOSCH  FRANCE  S.A.S. ; 32  Avenue  Michelet ; SAINT  OUEN  CEDEX ;; 0000-00-00  00:00:00 
81;1000004442;UPS;68A742; ROBERT  BOSCH  GMBH ; Robert  Bosch  Strasse  40 ;BAMBERG;; 0000-00-00  00:00:00 
82;1000020138;UPS;0V6233; ROBERT  BOSCH  GMBH ; Robert  Bosch  Strasse  2 ;SCHWIEBERDINGEN;; 0000-00-00  00:00:00 
83;1000000655;UPS;68A604; Robert  Bosch  GmbH ; Bexbacher  Strasse  72 ; Homburg  /Saar ;; 0000-00-00  00:00:00 
84;1000012671;UPS;80040V; Robert  Bosch  GmbH ; Robert  Bosch  Strasse  10 ;Plochingen;; 0000-00-00  00:00:00 
85;1000031212;UPS;65634X; Robert  Bosch  GmbH ; Bietigheimer  Str.  50 ;Tamm;; 0000-00-00  00:00:00 
86;1000019516;UPS;571204; Robert  Bosch  GmbH ; Robert-Bosch-Straße  1 ;Immenstadt;; 2022-08-10  09:42:04 
87;1000000669;UPS;571204; Robert  Bosch  GmbH ; Robert  Bosch  Strasse  1 ;Immenstadt-Seifen;; 0000-00-00  00:00:00 
88;1000014464;UPS;994861; Robert  Bosch  GmbH ; Robert-Bosch-Breite  3 ;Goettingen;; 0000-00-00  00:00:00 
89;1000021235;UPS;0924VW; Robert  Bosch  GmbH ; Alte  Bundesstraße  50 ;Waiblingen;; 2022-08-10  09:42:17 
90;1000038940;TNT;70269811; Robert  Bosch  GmbH ; Robert  Bosch  Strasse  200 ;Hildesheim;; 0000-00-00  00:00:00 
91;1000000671;UPS;68A597; Robert  Bosch  GmbH ; Zweibrueckenerstrasse  13 ;Nürnberg;; 2022-08-10  09:42:31 
92;1000022082;UPS;E916F4; Robert  Bosch  GmbH ; Robert  Bosch  Campus  1 ;Renningen;; 0000-00-00  00:00:00 
93;1000000643;TNT;70323158; Robert  Bosch  GmbH ; Robert  Bosch  Str.  1 ;Ansbach;; 0000-00-00  00:00:00 
94;1000018208;UPS;55320X; ROBERT  BOSCH  GMBH ; Markwiesen  Strasse  46 ; 72770  Reutlingen ;; 0000-00-00  00:00:00 
95;1000022035;UPS;4A9278; Robert  Bosch  odbytova  s.r.o ; Radlická  350/107d ;Prag; Tschechische  Republik ; 2022-08-10  09:43:40 
96;1000155694;UPS;2AV974; Robert  Bosch  Power  Tools  GmbH ; Schuetzenstrasse  77 ;Ravensburg;; 0000-00-00  00:00:00 
97;1000021920;UPS;7968W3; Robert  Bosch  S.A. ; Rue  Henri  Genesse  1 ; 1070  Brussels ;; 0000-00-00  00:00:00 
98;1000024301;UPS;54X214; ROBERT  BOSCH  S.R.L. ; Str.  Horia  Macelariu  30-34 ;Bucharest;; 0000-00-00  00:00:00 
99;1000036498;UPS;A24E53; Robert  Bosch  S.R.L. ; Strada  Robert  Bosch  1 ; 407350  Jucu/Jud.  Cluj   ;Rumänien; 2022-08-10  09:44:00 
100;1000006910;UPS;2E153W; Robert  Bosch  Zagreb ; Ulica  Kneza  Branimira  22 ;Zagreb;; 0000-00-00  00:00:00 
101;1000020092;UPS;68A606; RobertBosch  GmbH ; Robert  Bosch  Str.  1 ;Bühl;; 2022-08-10  09:44:17 
102;1000013668;TNT;8846431; RobertBosch  GmbH ; Strada  del  Drosso  37/15 ; Turin  /  Torino ;; 0000-00-00  00:00:00 
103;1000027652;UPS;99R896; RTM  PRUEFFELD ; GUTENBERGSTRASSE  42 ;METZINGEN;; 0000-00-00  00:00:00 
104;1000004833;DHL;951711376; Sembach  GmbH ; Christoph  Treu  Str.  10 ; Lauf  an  der  Pegnitz ;; 0000-00-00  00:00:00 
105;1000042830;;; STOTZ  FEINMESSTECHNIK  GMBH ; HERMANN-DREHER-STR.  6 ;GERLINGEN;; 0000-00-00  00:00:00 
106;112500;TNT;8369117; TFM  Automotive  &  Industriy  S.p.A. ; Via  Botte  8-12 ; Reschigliano    di  Campodarsego  (PD) ;; 0000-00-00  00:00:00 
107;1000009836;UPS;6F5750; Walter  Soehner  GmbH ; Daimlerstrasse  13 ; 74193  Schweigern ;; 2022-08-10  10:00:31 
108;1000001801;UPS;5A4307; WSK-Elektronik  GmbH ; Konrad  Adenauer  Straße  1 ; 97877  Wertheim ;; 2022-08-10  09:44:55 
109;1000020923;TNT;70241719; BOSCH  REXROTH  AG ; Beckerstrasse  31 ; 09210  Chemnitz ;; 0000-00-00  00:00:00 
110;;;; Robert  Bosch  Korea  Limited  Company ; 567  Sinsu-ro  Giheung-gu ; Yongin-si  -  Korea ;; 0000-00-00  00:00:00 
111;1000023330;DHL;5023058253; BMW  Motorrad ; Anton-Ditt-Bogen  6 ; 80939  München ;; 2022-08-10  09:45:08 
112;1000008372;UPS;787354; Schultz-Electronic  GmbH ; Dr.-Rudiolf-Eberle-Str.  2 ; 76534  Baden-Baden ;; 0000-00-00  00:00:00 
113;1000000697;DHL-Express;961137146;;;Clyton;Australien; 0000-00-00  00:00:00 
114;1000039395;DHL-Express;961137146;;;Clyton;Australien; 0000-00-00  00:00:00 
115;1000900414;DHL-Express; 	 ;;; North  Geelong ;Australien; 0000-00-00  00:00:00 
116;406500;CPD;;;; *CPD  Brasilien ;Brasilien; 0000-00-00  00:00:00 
117;1000027641;K&N;;;;Campinas;Brasilien; 0000-00-00  00:00:00 
118;1000000792;DHL-Express;;;;Campinas;Brasilien; 0000-00-00  00:00:00 
119;1000000796;DHL-Express;964485820;;;Curitiba;Brasilien; 0000-00-00  00:00:00 
120;1000000796;K&N;;;;Curitiba;Brasilien; 0000-00-00  00:00:00 
121;1000000796;K&N;;;;Curitiba;Brasilien; 0000-00-00  00:00:00 
122;1000033967;Agility;;;;Itupeva;Brasilien; 0000-00-00  00:00:00 
123;1000901433;Agility;;;; Sao  Pauolo ;Brasilien; 0000-00-00  00:00:00 
124;205500;CPD;;;; *CPD  China/Hong  Kong ;China; 0000-00-00  00:00:00 
125;1000034003;DHL-Global;;;;Changsha;China; 0000-00-00  00:00:00 
126;1000000678;DHL-Express;965550626;;;Changzhou;China; 0000-00-00  00:00:00 
127;1000031722;DHL-Express;951086050;;; Jiashan,  Jiaxing    (Zhejiang) ;China; 0000-00-00  00:00:00 
128;;DHL-Express;951675775;;;Kunshan;China; 0000-00-00  00:00:00 
129;1000023161;DHL-Express;953002713;;;Nanjing;China; 0000-00-00  00:00:00 
130;1000006903;DHL-Express;953002713;;;Nanjing;China; 0000-00-00  00:00:00 
131;1000009497;DHL-Express;953002713;;;Nanjing;China; 0000-00-00  00:00:00 
132;1000023161;TNT;3015840;;;Nanjing;China; 0000-00-00  00:00:00 
133;1000000925;Hellmann;664194;;;Shanghai;China; 0000-00-00  00:00:00 
134;1000010139;DHL-Express;968634945;;;Shanghai;China; 0000-00-00  00:00:00 
135;1000023909;DHL-Express;958924230;;;Shanghai;China; 0000-00-00  00:00:00 
136;1000023909;DHL-Express;965545271;;;Shanghai;China; 0000-00-00  00:00:00 
137;1000158759;DHL-Express;965550626;;;Shanghai;China; 0000-00-00  00:00:00 
138;1000010139;DHL-Express;968634945;;; Shanghai  (RBCN) ;China; 0000-00-00  00:00:00 
139;;TNT;82909;;; Shanghai  [nicht  UAES] ;China; 0000-00-00  00:00:00 
140;1000000682;DHL-Express;965550626;;;Suzhou;China; 0000-00-00  00:00:00 
141;1000013818;DHL-Express;965550626;;;Suzhou;China; 0000-00-00  00:00:00 
142;1000027228;DHL-Express;965550626;;;Suzhou;China; 0000-00-00  00:00:00 
143;1000010126;DHL-Express;965550626;;;Suzhou;China; 0000-00-00  00:00:00 
144;1000152703;DHL-Express;955696992;;; Suzhou  (Bosch  Trading) ;China; 0000-00-00  00:00:00 
145;1000031560;Cosco;;;;Tianjin;China; 0000-00-00  00:00:00 
146;1000031560;Cosco;;;;Tianjin;China; 0000-00-00  00:00:00 
147;1000154904;Cosco;;;;Weifang;China; 0000-00-00  00:00:00 
148;1000154904;Cosco;;;;Weifang;China; 0000-00-00  00:00:00 
149;1000006739;DHL-Express;952556345;;;Wuxi;China; 0000-00-00  00:00:00 
150;1000022011;DHL-Express;954937207;;;Wuxi;China; 0000-00-00  00:00:00 
151;1000008111;Cosco;;;;Wuxi;China; 0000-00-00  00:00:00 
152;1000019650;Cosco;;;;Wuxi;China; 0000-00-00  00:00:00 
153;1000019650;Cosco;;;;Wuxi;China; 0000-00-00  00:00:00 
154;1000008111;Cosco;;;;Wuxi;China; 0000-00-00  00:00:00 
155;1000006739;TNT;3011817;;; Wuxi  [RBCD] ;China; 0000-00-00  00:00:00 
156;1000019650;TNT;3011817;;; Wuxi  [RBCD] ;China; 0000-00-00  00:00:00 
157;1000035837;DHL-Global;;;; Wuxi  [RBCD] ;China; 0000-00-00  00:00:00 
158;1000022010;TNT;3061011;;; Wuxi  [RBCW] ;China; 0000-00-00  00:00:00 
159;1000022011;TNT;3061011;;; Wuxi  [RBCW] ;China; 0000-00-00  00:00:00 
160;;TNT;2005415;;;Ballerup;Dänemark; 2022-08-10  09:45:18 
161;1000927747;UPS;ER5644;;;Altbach;Deutschland; 0000-00-00  00:00:00 
162;1000009772;Rüdinger;;;;Bamberg;Deutschland; 2022-08-10  09:45:31 
163;1000927698;UPS;569V75;;;Böblingen;Deutschland; 2022-08-10  09:45:43 
164;;DHL-Express;144113507;;; Burgmaier  Technologies ;Deutschland; 0000-00-00  00:00:00 
165;;DHL-Express;140542428;;;EBM-Papst;Deutschland; 0000-00-00  00:00:00 
166;1000009792;TMC;;;;Homburg;Deutschland; 0000-00-00  00:00:00 
167;1000004201;TMC;;;;Homburg;Deutschland; 0000-00-00  00:00:00 
168;1000019534;TMC;;;; Immenstadt  im  Allgäu  (Blaichach) ;Deutschland; 2022-08-10  09:45:57 
169;1000019535;TMC;;;; Immenstadt  im  Allgäu  (Blaichach) ;Deutschland; 2022-08-10  09:46:10 
170;1000004578;TMC;;;;Kandel;Deutschland; 0000-00-00  00:00:00 
171;1000009786;TMC;;;;Kandel;Deutschland; 0000-00-00  00:00:00 
172;1000010966;TMC;;;;Karlsruhe;Deutschland; 0000-00-00  00:00:00 
173;1000927625; Große  Vehne ;;;;Kölleda;Deutschland; 2022-08-10  09:47:26 
174;1000010037;TMC;;;;Köln;Deutschland; 2022-08-10  09:46:30 
175;;UPS;0V8751;;;München;Deutschland; 2022-08-10  09:46:41 
176;1000012366;DSV;;;;Nürnberg;Deutschland; 2022-08-10  09:47:38 
177;1000012366;UPS;0V8749;;;Nürnberg;Deutschland; 2022-08-10  09:47:49 
178;1000155531;TNT;70282323;;; Opel  Ruesselsheim ;Deutschland; 0000-00-00  00:00:00 
179;1000041792;TNT;70282323;;; Opel  Ruesselsheim ;Deutschland; 0000-00-00  00:00:00 
180;1000900691;TMC;;;;Reinsberg;Deutschland; 0000-00-00  00:00:00 
181;1000901491;K&N;;;;Ruhstorf;Deutschland; 0000-00-00  00:00:00 
182;1000020144;TNT;70084384;;;Salzgitter;Deutschland; 0000-00-00  00:00:00 
183;1000010021;UPS;Kundenportal/Muster;;;Salzgitter;Deutschland; 0000-00-00  00:00:00 
184;1000010021;DSV;DSV-Portal;;;Salzgitter;Deutschland; 0000-00-00  00:00:00 
185;1000903404;UPS;8VW241;;;Salzgitter;Deutschland; 0000-00-00  00:00:00 
186;1000904342;DSV;DSV-Portal;;;Salzgitter;Deutschland; 0000-00-00  00:00:00 
187;1000904342;UPS;Kundenportal/Muster;;;Salzgitter;Deutschland; 0000-00-00  00:00:00 
188;1000000645;ERA;;;;Schwieberdingen;Deutschland; 0000-00-00  00:00:00 
189;1000000645;FCM;;;;Schwieberdingen;Deutschland; 0000-00-00  00:00:00 
190;1000927753; Große  Vehne ;;;;Stuttgart;Deutschland; 2022-08-10  09:48:00 
191;1000904697; Große  Vehne ;;;;Stuttgart;Deutschland; 2022-08-10  09:48:10 
192;1000927734; Große  Vehne ;;;;Stuttgart;Deutschland; 2022-08-10  09:48:22 
193;1000901541;LGI;;;;Sulzbach;Deutschland; 0000-00-00  00:00:00 
194;1000904168;DHL-Global;;;;Wackersdorf;Deutschland; 0000-00-00  00:00:00 
195;1000044370;DHL-Global;;;;Wackersdorf;Deutschland; 0000-00-00  00:00:00 
196;1000905143;UPS;991872;;;Weissach;Deutschland; 0000-00-00  00:00:00 
197;1000015749;DHL-Express;;;;Wernigerode;Deutschland; 0000-00-00  00:00:00 
198;1000041872;TNT;31989;;;Linnavuori;Finnland; 0000-00-00  00:00:00 
199;1000010236;UPS;48W971;;;Vantaa;Finnland; 0000-00-00  00:00:00 
200;1000900283;DHL-Express;;;;Cleon;Frankreich; 0000-00-00  00:00:00 
201;1000010245;TMC;;;; Onet  le  Chateau  (Rodez) ;Frankreich; 0000-00-00  00:00:00 
202;1000000741;DHL-Express;960379927;;; Saint  Ouen ;Frankreich; 0000-00-00  00:00:00 
203;1000021589;DHL-Express;960379927;;; Saint  Ouen ;Frankreich; 0000-00-00  00:00:00 
204;;TNT;137412;;; Saint  Ouen ;Frankreich; 0000-00-00  00:00:00 
205;1000010247;DHL-Express;960818321;;;Venissieux;Frankreich; 0000-00-00  00:00:00 
206;1000030281;DHL-Express;961337931;;;Accra;Ghana; 0000-00-00  00:00:00 
207;1000025298;TNT;100118;;;Koropi;Griechenland; 0000-00-00  00:00:00 
208;109502;CPD;;;; *CPD  London ;Großbritannien; 2022-08-10  09:48:35 
209;1000027097;UPS;415754;;;Basildon;Großbritannien; 2022-08-10  09:48:48 
210;1000028934;TNT;905303001;;;Coventry;Großbritannien; 2022-08-10  09:49:00 
211;1000153158;TNT;370006;;;Coventry;Großbritannien; 2022-08-10  09:49:21 
212;1000905703;DSV;;;;Dagenham;Großbritannien; 2022-08-10  09:49:55 
213;1000901153;DSV;;;;Dagenham;Großbritannien; 2022-08-10  09:49:33 
214;1000902574;Wackler;;;;Darlington;Großbritannien; 2022-08-10  09:49:45 
215;1000010018;Wackler;;;;Darlington;Großbritannien; 2022-08-10  09:50:12 
216;1000000754;TNT;822107;;;Denham;Großbritannien; 2022-08-10  09:50:22 
217;1000023870;TNT;822107;;;Denham;Großbritannien; 2022-08-10  09:50:32 
218;;UPS;9W6580;;;Maidstone;Großbritannien; 2022-08-10  09:50:42 
219;1000023870;TNT;822107;;;Nuneaton;Großbritannien; 2022-08-10  09:50:57 
220;1000901046;TMC;;;;Swindon;Großbritannien; 2022-08-10  09:51:12 
221;1000901836;TNT;370006;;;Whitley;Großbritannien; 2022-08-10  09:51:24 
222;1000006613;DHL-Express;953066607;;; Hong  Kong ; Hong  Kong ; 0000-00-00  00:00:00 
223;;DHL-Express;953066607;;; Sheung  Shui ; Hong  Kong ; 0000-00-00  00:00:00 
224;208500;CPD;;;; *CPD  Indien ;Indien; 0000-00-00  00:00:00 
225;208500;CEVA;;;; *CPD  Indien ;Indien; 0000-00-00  00:00:00 
226;208500;CEVA;;;; *CPD  Indien ;Indien; 0000-00-00  00:00:00 
227;1000031721;DHL-Express;964826946;;;Ahmedabad;Indien; 0000-00-00  00:00:00 
228;1000155980;DHL-Express;952249276;;;Bangalore;Indien; 0000-00-00  00:00:00 
229;1000000766;DHL-Express;965496672;;;Bangalore;Indien; 0000-00-00  00:00:00 
230;1000021660;DHL-Express;964825253;;;Bangalore;Indien; 0000-00-00  00:00:00 
231;;CEVA;;;;Bangalore;Indien; 0000-00-00  00:00:00 
232;;CEVA;;;;Bangalore;Indien; 0000-00-00  00:00:00 
233;1000040342;DHL-Express;965030087;;;Bangalore;Indien; 0000-00-00  00:00:00 
234;1000000729;DHL-Express;966106266;;;Bangalore;Indien; 0000-00-00  00:00:00 
235;1000000730;DHL-Express;966106266;;;Bangalore;Indien; 0000-00-00  00:00:00 
236;1000000767;DHL-Express;967379126;;;Bangalore;Indien; 0000-00-00  00:00:00 
237;1000000768;DHL-Express;964825253;;;Bangalore;Indien; 0000-00-00  00:00:00 
238;1000006770;DHL-Express;966106266;;;Bangalore;Indien; 0000-00-00  00:00:00 
239;1000006779;DHL-Express;952249276;;;Bangalore;Indien; 0000-00-00  00:00:00 
240;1000010272;DHL-Express;965496672;;;Bangalore;Indien; 0000-00-00  00:00:00 
241;1000010279;DHL-Express;966106266;;;Bangalore;Indien; 0000-00-00  00:00:00 
242;1000010280;DHL-Express;966106266;;;Bangalore;Indien; 0000-00-00  00:00:00 
243;1000014224;DHL-Express;966106266;;;Bangalore;Indien; 0000-00-00  00:00:00 
244;1000014515;DHL-Express;964825253;;;Bangalore;Indien; 0000-00-00  00:00:00 
245;1000016285;DHL-Express;966106266;;;Bangalore;Indien; 0000-00-00  00:00:00 
246;1000019278;DHL-Express;966106266;;;Bangalore;Indien; 0000-00-00  00:00:00 
247;1000021595;DHL-Express;966106266;;;Bangalore;Indien; 0000-00-00  00:00:00 
248;1000021177;DHL-Express;;;;Bangalore;Indien; 0000-00-00  00:00:00 
249;1000024185;DHL-Express;966106266;;;Bangalore;Indien; 0000-00-00  00:00:00 
250;1000024187;DHL-Express;966106266;;;Bangalore;Indien; 0000-00-00  00:00:00 
251;1000024188;DHL-Express;966106266;;;Bangalore;Indien; 0000-00-00  00:00:00 
252;1000024502;DHL-Express;966106266;;;Bangalore;Indien; 0000-00-00  00:00:00 
253;1000026639;DHL-Express;967379126;;;Bangalore;Indien; 0000-00-00  00:00:00 
254;1000010562;DHL-Express;;;;Bangalore;Indien; 0000-00-00  00:00:00 
255;1000156023;DHL-Express;967379126;;;Bangalore;Indien; 0000-00-00  00:00:00 
256;1000156011;DHL-Express;965497899;;;Bangalore;Indien; 0000-00-00  00:00:00 
257;1000043359;DHL-Express;966106266;;;Bangalore;Indien; 0000-00-00  00:00:00 
258;1000158486;DHL-Express;966106266;;;Bangalore;Indien; 0000-00-00  00:00:00 
259;1000153952;DHL-Express;966106266;;;Bangalore;Indien; 0000-00-00  00:00:00 
260;1000933055;DHL-Express;964094949;;;Bhiwadi;Indien; 0000-00-00  00:00:00 
261;1000156017;DHL-Express;967378970;;;Bidadi;Indien; 0000-00-00  00:00:00 
262;1000156017;CEVA;;;;Bidadi;Indien; 0000-00-00  00:00:00 
263;1000156017;CEVA;;;;Bidadi;Indien; 0000-00-00  00:00:00 
264;1000156017;DHL-Express;950430423;;;BIdadi;Indien; 0000-00-00  00:00:00 
265;1000031139;DHL-Express;964825253;;;Chennai;Indien; 0000-00-00  00:00:00 
266;;CEVA;;;;Chennai;Indien; 0000-00-00  00:00:00 
267;;CEVA;;;;Chennai;Indien; 0000-00-00  00:00:00 
268;1000031143;DHL-Express;964825253;;;Chennai;Indien; 0000-00-00  00:00:00 
269;;CEVA;;;;Coimbatore;Indien; 0000-00-00  00:00:00 
270;;CEVA;;;;Coimbatore;Indien; 0000-00-00  00:00:00 
271;1000016842;DHL-Express;950662282;;;Coimbatore;Indien; 0000-00-00  00:00:00 
272;1000014960;DHL-Express;950662282;;;Coimbatore;Indien; 0000-00-00  00:00:00 
273;1000019552;DHL-Express;950662282;;;Coimbatore;Indien; 0000-00-00  00:00:00 
274;1000006742;DHL-Express;964825790;;; Dharuhera  (Haryana) ;Indien; 0000-00-00  00:00:00 
275;1000010268;DHL-Express;964825790;;; Dharuhera  (Haryana) ;Indien; 0000-00-00  00:00:00 
276;1000010267;CEVA;;;;Jaipur;Indien; 0000-00-00  00:00:00 
277;1000010267;CEVA;;;;Jaipur;Indien; 0000-00-00  00:00:00 
278;1000010267;DHL-Express;967650344;;;Jaipur;Indien; 0000-00-00  00:00:00 
279;1000155996;DHL-Express;964291553;;;Nashik;Indien; 0000-00-00  00:00:00 
280;;CEVA;;;;Nashik;Indien; 0000-00-00  00:00:00 
281;;CEVA;;;;Nashik;Indien; 0000-00-00  00:00:00 
282;1000000772;DHL-Express;964291553;;;Nashik;Indien; 0000-00-00  00:00:00 
283;1000018790;DHL-Express;964291553;;;Nashik;Indien; 0000-00-00  00:00:00 
284;1000155994;DHL-Express;964291553;;;Nashik;Indien; 0000-00-00  00:00:00 
285;;CEVA;;;;Pune;Indien; 0000-00-00  00:00:00 
286;;CEVA;;;;Pune;Indien; 0000-00-00  00:00:00 
287;1000035817;DHL-Express;964826508;;;Pune;Indien; 0000-00-00  00:00:00 
288;1000010273;DHL-Express;;;;Pune;Indien; 0000-00-00  00:00:00 
289;1000036447;DHL-Express;964826508;;;Pune;Indien; 0000-00-00  00:00:00 
290;1000036448;DHL-Express;964826508;;;Pune;Indien; 0000-00-00  00:00:00 
291;1000155998;DHL-Express;964826508;;;Pune;Indien; 0000-00-00  00:00:00 
292;1000155989;DHL-Express;964825790;;;Rewari;Indien; 0000-00-00  00:00:00 
293;211501;CPD;;;; *CPD  Iran ;Iran; 0000-00-00  00:00:00 
294;212501;CPD;;;; *CPD  Israel ;Israel; 0000-00-00  00:00:00 
295;1000009789;TMC;;;;Maddaloni;Italien; 0000-00-00  00:00:00 
296;1000000775;TNT;799814;;;Mailand;Italien; 0000-00-00  00:00:00 
297;1000021897;DHL-Express;954417895;;;Milano;Italien; 0000-00-00  00:00:00 
298;1000021897;TNT;4589;;;Milano;Italien; 0000-00-00  00:00:00 
299;1000000916;TNT;155073;;;Modugno;Italien; 0000-00-00  00:00:00 
300;1000901202;TMC;;;; Settimo  Torinese ;Italien; 0000-00-00  00:00:00 
301;1000010290;TNT;155073;;;Modugno; Italien   ; 0000-00-00  00:00:00 
302;1000010290;TMC;;;;Modugno; Italien   ; 0000-00-00  00:00:00 
303;1000010291;TNT;263094;;; Modugno  (CVIT) ; Italien   ; 0000-00-00  00:00:00 
304;;DHL-Express;958132932;;; TFM  Italien ; Italien   ; 0000-00-00  00:00:00 
305;1000019041;Nippon;;;;Higashimatsuyama-Shi;Japan; 0000-00-00  00:00:00 
306;1000019041;KWE;;;;Higashimatsuyama-Shi;Japan; 0000-00-00  00:00:00 
307;1000018432;Nippon;;;;Ojima-Machi;Japan; 0000-00-00  00:00:00 
308;1000018432;KWE;;;;Ojima-Machi;Japan; 0000-00-00  00:00:00 
309;1000018434;DHL-Express;963619413;;; Saitama  Higashimatsuyama ;Japan; 0000-00-00  00:00:00 
310;1000910304;TNT;488718;;; Saitama  Higashimatsuyama ;Japan; 0000-00-00  00:00:00 
311;1000018430;DHL-Express;963669025;;;Yokohama;Japan; 0000-00-00  00:00:00 
312;1000018430;DHL-Express;969418243;;;Yokohama;Japan; 0000-00-00  00:00:00 
313;501500;CPD;;;; *CPD  Kanada ;Kanada; 0000-00-00  00:00:00 
314;406500;CPD;;;; *CPD  Kolumbien ;Kolumbien; 0000-00-00  00:00:00 
315;216500;CPD;;;; *CPD  Korea ;Korea; 0000-00-00  00:00:00 
316;1000013221;DHL-Express;952202112;;;Gyeonggi;Korea; 0000-00-00  00:00:00 
317;1000000791;DHL-Express;967970718;;;Yongin-si;Korea; 0000-00-00  00:00:00 
318;1000040696;DHL-Express;967970718;;;Yongin-si;Korea; 0000-00-00  00:00:00 
319;1000031032;DHL-Express;967970718;;;Yongin-si;Korea; 0000-00-00  00:00:00 
320;1000006821;DHL-Express;967970718;;; Yongin-si,  Daejeon ;Korea; 0000-00-00  00:00:00 
321;1000017663;DHL-Express;;;;Balzers;Liechtenstein; 0000-00-00  00:00:00 
322;1000017663;TNT;;;;Balzers;Liechtenstein; 0000-00-00  00:00:00 
323;;TNT;4867;;;Kaunas; Litauen   ; 0000-00-00  00:00:00 
324;239400;CPD;;;; *CPD  Malaysia ;Malaysia; 0000-00-00  00:00:00 
325;1000021077;TNT;216586;;; Bayan  Lepas ;Malaysia; 0000-00-00  00:00:00 
326;;TNT;216586;;;Penang;Malaysia; 0000-00-00  00:00:00 
327;;DHL-Express;965870722;;;Penang;Malaysia; 0000-00-00  00:00:00 
328;;DHL-Express;960878635;;;Petaling;Malaysia; 0000-00-00  00:00:00 
329;;TNT;200616;;;Petaling;Malaysia; 0000-00-00  00:00:00 
330;1000928737;DHL-Express;950776455;;;Prilep;Mazedonien; 0000-00-00  00:00:00 
331;422500;CPD;;;; *CPD  Mexiko ;Mexiko; 0000-00-00  00:00:00 
332;1000000802;DHL-Express;955047611;;; Mexico  City ;Mexiko; 0000-00-00  00:00:00 
333;1000013936;DHL-Express;965667111;;; San  luis  Potosi ;Mexiko; 0000-00-00  00:00:00 
334;1000000802;DHL-Express;965207102;;; Santa  Fe ;Mexiko; 0000-00-00  00:00:00 
335;;DHL-Express;956476326;;;Lagos;Nigeria; 0000-00-00  00:00:00 
336;1000928737;DHL-Express;950776455;;;Prilep; Nord  Mazedonien ; 0000-00-00  00:00:00 
337;1000012679;TNT;15840;;; Langhus  /  Trollåsen ;Norwegen; 2022-08-10  09:52:10 
338;118500;CPD;;;; *CPD  Österreich ;Österreich; 2022-08-10  09:54:26 
339;1000905765;DHL-Express;;;;Steyr;Österreich; 2022-08-10  09:52:51 
340;1000904113;Schenker;;;;Steyr;Österreich; 2022-08-10  09:53:01 
341;1000000861;TNT;7151;;;Hallein; Österreich   ; 2022-08-10  09:53:10 
342;1000000861;TMC;;;;Hallein; Österreich   ; 2022-08-10  09:53:22 
343;1000010096;TNT;7151;;;Hallein; Österreich   ; 2022-08-10  09:53:31 
344;1000005560;TNT;117403;;;Linz; Österreich   ; 2022-08-10  09:53:40 
345;;UPS;494V60;;;Steyr; Österreich   ; 2022-08-10  09:53:50 
346;;UPS;485V75;;;Steyr; Österreich   ; 2022-08-10  09:54:01 
347;1000015871;DHL-Express;967137607;;;Batangas;Philippinen; 0000-00-00  00:00:00 
348;1000903564;DHL-Express;;;;Bielsko-Biala;Polen; 0000-00-00  00:00:00 
349;1000045331; Große  Vehne ;;;;Jawor;Polen; 2022-08-10  09:54:17 
350;1000903314;UPS;;;;Polkowice;Polen; 0000-00-00  00:00:00 
351;1000903314; LKW  Walter ;;;;Polkowice;Polen; 0000-00-00  00:00:00 
352;1000026520;TNT;4109;;;Warschau;Polen; 0000-00-00  00:00:00 
353;1000006263;TNT;79693;;;Blaj;Rumänien; 2022-08-10  09:54:37 
354;1000020223;DHL-Express;966519899;;;Moskau;Russland; 0000-00-00  00:00:00 
355;1000019474;TNT;2736;;; Naberezhnye  Chelny ;Russland; 0000-00-00  00:00:00 
356;1000006687;DHL-Express;966519899;;;Khimki; Russland   ; 0000-00-00  00:00:00 
357;122500;CPD;;;; *CPD  Schweden ;Schweden; 0000-00-00  00:00:00 
358;123500;CPD;;;; *CPD  Schweiz ;Schweiz; 0000-00-00  00:00:00 
359;1000901510;TNT;DAP;;;Arbon;Schweiz; 0000-00-00  00:00:00 
360;1000906338;DHL-Express;151130634;;;Lüsslingen;Schweiz; 2022-08-10  09:55:23 
361;1000906338;TNT;5831;;;Lüsslingen;Schweiz; 2022-08-10  09:55:50 
362;1000004854;TNT;5831;;;Lüsslingen;Schweiz; 2022-08-10  09:55:59 
363;;TNT;737990;;; Schweiz  /  Buttikon ;Schweiz; 0000-00-00  00:00:00 
364;1000010115;TNT;196400;;;Urdorf;Schweiz; 0000-00-00  00:00:00 
365;1000026526;UPS;7E098A;;;Belgrade;Serbien; 0000-00-00  00:00:00 
366;1000021082;DHL-Express;950061489;;;Singapore;Singapur; 0000-00-00  00:00:00 
367;1000006810;TNT;53758;;;Singapore;Singapur; 0000-00-00  00:00:00 
368;134502;CPD;;;; *CPD  Spanien ;Spanien; 0000-00-00  00:00:00 
369;1000033971;TMC;;;;Adal-Treto;Spanien; 0000-00-00  00:00:00 
370;1000900304;Patinter;;;;Valladolid;Spanien; 0000-00-00  00:00:00 
371;1000019422;Schenker;;;;Brits;Südafrika; 2022-08-10  09:56:08 
372;1000019422;Schenker;;;;Brits;Südafrika; 2022-08-10  09:56:18 
373;1000026230;TNT;221609;;;Midrand;Südafrika; 2022-08-10  09:56:26 
374;227501;CPD;;;; *CPD  Taiwan ;Taiwan; 0000-00-00  00:00:00 
375;56227002;UPS;05Y73R;;;Taipai;Taiwan; 0000-00-00  00:00:00 
376;;DHL-Express;964578133;;; Taipai  (QMM) ;Taiwan; 0000-00-00  00:00:00 
377;56227002;DHL-Express;967531250;;;Taipei;Taiwan; 0000-00-00  00:00:00 
378;1000020433;DHL-Express;960119550;;;Bangkok;Thailand; 0000-00-00  00:00:00 
379;1000000875;TNT;73398;;;Rayong;Thailand; 0000-00-00  00:00:00 
380;1000026104;DHL-Express;955911530;;;Rayong;Thailand; 0000-00-00  00:00:00 
381;1000025913;DSV;;;;Rayong;Thailand; 0000-00-00  00:00:00 
382;1000025913;DHL-Global;;;;Rayong;Thailand; 0000-00-00  00:00:00 
383;1000010143;TNT;2727;;; Ceske  Budejovice ; Tschechische  Republik ; 0000-00-00  00:00:00 
384;1000010143;UPS;056W1W;;; Ceske  Budejovice ; Tschechische  Republik ; 0000-00-00  00:00:00 
385;1000000707;TNT;101664;;; Ceske  Budejovice ; Tschechische  Republik ; 0000-00-00  00:00:00 
386;1000018150;TNT;101664;;; Ceske  Budejovice ; Tschechische  Republik ; 0000-00-00  00:00:00 
387;1000024402;TNT;101664;;; Ceske  Budejovice ; Tschechische  Republik ; 0000-00-00  00:00:00 
388;1000000706;UPS;678A78;;; Ceske  Budejovice ; Tschechische  Republik ; 0000-00-00  00:00:00 
389;1000000706;TNT;101664;;; Ceske  Budejovice ; Tschechische  Republik ; 0000-00-00  00:00:00 
390;1000006673;TMC;;;;Jihlava; Tschechische  Republik ; 0000-00-00  00:00:00 
391;1000010052;DHL-Express;;;;**Bursa;Türkei; 2022-08-10  09:56:55 
392;1000010052;CEVA;;;;**Bursa;Türkei; 2022-08-10  09:57:04 
393;1000019322;DHL-Express;;;;**Bursa;Türkei; 2022-08-10  09:57:14 
394;1000019322;CEVA;;;;**Bursa;Türkei; 2022-08-10  09:57:22 
395;1000022485;DHL-Express;;;;**Bursa;Türkei; 2022-08-10  09:57:31 
396;1000022485;CEVA;;;;**Bursa;Türkei; 2022-08-10  09:57:41 
397;1000010339;DHL-EXpress;;;;**Bursa;Türkei; 2022-08-10  09:57:50 
398;1000010339;CEVA;;;;**Bursa;Türkei; 2022-08-10  09:58:44 
399;1000010052;Barsan;;;;Bursa;Türkei; 2022-08-10  09:58:54 
400;1000019322;Barsan;;;;Bursa;Türkei; 2022-08-10  09:58:29 
401;1000022485;Barsan;;;;Bursa;Türkei; 2022-08-10  09:58:10 
402;1000010339;Barsan;;;;Bursa;Türkei; 2022-08-10  09:58:19 
403;1000006306;DHL-Express;958881906;;;Bursa;Türkei; 2022-08-10  09:58:01 
404;;DHL-Express;966423785;;;Kiew;Ukraine; 0000-00-00  00:00:00 
405;;TNT;91285;;; Budapest   ;Ungarn; 0000-00-00  00:00:00 
406;1000029753;DSV;DSV-Portal;;;Györ;Ungarn; 2022-08-10  09:59:06 
407;1000029753;UPS;Kundenportal/Muster;;;Györ;Ungarn; 2022-08-10  09:59:17 
408;1000903503;DSV;DSV-Portal;;;Györ;Ungarn; 2022-08-10  09:59:26 
409;1000903503;UPS;Kundenportal/Muster;;;Györ;Ungarn; 2022-08-10  09:59:35 
410;1000903501;DSV;DSV-Portal;;;Györ;Ungarn; 2022-08-10  09:59:55 
411;1000903501;UPS;Kundenportal/Muster;;;Györ;Ungarn; 2022-08-10  09:59:45 
412;;TNT;39133;;;Hatvan;Ungarn; 0000-00-00  00:00:00 
413;1000033963;TMC;;;;Szirmabesenyo;Ungarn; 0000-00-00  00:00:00 
414;502500;CPD;;;; *CPD  USA ;USA; 0000-00-00  00:00:00 
415;1000010355;DHL-Express;965275112;;; Anderson  [direct  Import] ;USA; 0000-00-00  00:00:00 
416;1000018867;DHL-Express;962209550;;; Farmington  Hills ;USA; 0000-00-00  00:00:00 
417;1000000849;DHL-Express;962209550;;; Farmington  Hills ;USA; 0000-00-00  00:00:00 
418;1000018980;DHL-Express;962209550;;; Farmington  Hills ;USA; 0000-00-00  00:00:00 
419;1000004531;TNT;185057852;;;Kentwood;USA; 0000-00-00  00:00:00 
420;1000031363;DSV;;;; Lerma  (Laredo) ;USA; 0000-00-00  00:00:00 
421;1000004647;DHL-Express;964649781;;;Plymouth;USA; 0000-00-00  00:00:00 
422;1000034409;DHL-Express;965299815;;;Sunnyvale;USA; 0000-00-00  00:00:00 
423;;TNT;289071;;; Anderson   ; USA   ; 0000-00-00  00:00:00 
424;1000010349;DHL-Express;965275112;;; Anderson  [direct  Import] ; USA   ; 0000-00-00  00:00:00 
425;1000000850;DHL-Express;963145918;;; Anderson  [indirect  Import] ; USA   ; 0000-00-00  00:00:00 
426;1000000842;DHL-Express;963108966;;;Charleston; USA   ; 0000-00-00  00:00:00 
427;;TNT;280518;;;Charleston; USA   ; 0000-00-00  00:00:00 
428;1000000814;DHL-Express;962209550;;; Farmington  Hills ; USA   ; 0000-00-00  00:00:00 
429;1000017590;DHL-Express;962209550;;; Farmington  Hills ; USA   ; 0000-00-00  00:00:00 
430;1000018577;DHL-Express;962209550;;; Farmington  Hills ; USA   ; 0000-00-00  00:00:00 
431;;TNT;371160;;; Farmington  Hills ; USA   ; 0000-00-00  00:00:00 
432;1000010367;TNT;185057852;;;Kentwood; USA   ; 0000-00-00  00:00:00 
433;;DHL-Express;962128101;;;Plymouth; USA   ; 0000-00-00  00:00:00 
434;;DHL-Express;962209550;;;Plymouth; USA   ; 0000-00-00  00:00:00 
435;1000004647;TNT;214483;;;Plymouth; USA   ; 0000-00-00  00:00:00 
436;1000013901;Robinson;;;;Summerville; USA   ; 0000-00-00  00:00:00 
437;1000044230;DHL-Express;968790656;;; Haiphong  city ; Vietnam   ; 0000-00-00  00:00:00 
438;1000044230;DHL-Global;;;; Haiphong  city ; Vietnam   ; 0000-00-00  00:00:00 
439;1000013341;DHL-Express;952436191;;; Ho  Chi  Minh  City ; Vietnam   ; 0000-00-00  00:00:00 
440;1000013341;DHL-Global;;;; Ho  Chi  Minh  City ; Vietnam   ; 0000-00-00  00:00:00 
